Evaluasi Vendor 2026,,,,,,,,,
,,,,,,,,,
No,Event,BULAN,Tgl Event,Vendor,Barang / Jasa,Alamat,NILAI,HURUF,REKOMENDASI
1,INUS CONGRESS 2026, Januari 2026,21-24 Januari 2026,Adhikari Creation,Gimmick,Yogyakarta,86.00,A,Sangat Direkomendasikan
,INUS CONGRESS 2026, Januari 2026,21-24 Januari 2026,Rama Shinta Resto,Resto,Yogyakarta,86.00,A,Sangat Direkomendasikan
,INUS CONGRESS 2026, Januari 2026,21-24 Januari 2026,Riffa Transport,Transport,Yogyakarta,78.00,B,Direkomendasikan
,,,,,,,,,
2,WB HEALTHY FUTURE LAUNCH, Januari 2026,22 Januari 2026,Akasya Catering,F&B,Jakarta,91.00,A,Sangat Direkomendasikan
,WB HEALTHY FUTURE LAUNCH, Januari 2026,22 Januari 2026,Claudia Lengkey,Talent,Jakarta,91.00,A,Sangat Direkomendasikan
,WB HEALTHY FUTURE LAUNCH, Januari 2026,22 Januari 2026,Januar Pribadi,Show Management ,Jakarta,91.00,A,Sangat Direkomendasikan
,WB HEALTHY FUTURE LAUNCH, Januari 2026,22 Januari 2026,Januar Pribadi,Usher,Jakarta,73.00,B,Direkomendasikan
,WB HEALTHY FUTURE LAUNCH, Januari 2026,22 Januari 2026,Lumicos,Documentation,Jakarta,91.00,A,Sangat Direkomendasikan
,WB HEALTHY FUTURE LAUNCH, Januari 2026,22 Januari 2026,Phoenix Multimedia,Multimedia,Yogyakarta,90.00,A,Sangat Direkomendasikan
,WB HEALTHY FUTURE LAUNCH, Januari 2026,22 Januari 2026,Tekno Event Asia,Intepreter,Jakarta,90.00,A,Sangat Direkomendasikan
,,,,,,,,,
3,WB HEALTHY FUTURE LAUNCH, Januari 2026,22 Januari 2026,Akasya Catering,F&B,Jakarta,91.00,A,Sangat Direkomendasikan
,WB HEALTHY FUTURE LAUNCH, Januari 2026,22 Januari 2026,Claudia Lengkey,Talent,Jakarta,90.00,A,Sangat Direkomendasikan
,WB HEALTHY FUTURE LAUNCH, Januari 2026,22 Januari 2026,Januar Pribadi,Show Management ,Jakarta,90.00,A,Sangat Direkomendasikan
,WB HEALTHY FUTURE LAUNCH, Januari 2026,22 Januari 2026,Januar Pribadi,Usher,Jakarta,66.00,C,Perlu Evaluasi
,WB HEALTHY FUTURE LAUNCH, Januari 2026,22 Januari 2026,Lumicos,Documentation,Jakarta,90.00,A,Sangat Direkomendasikan
,WB HEALTHY FUTURE LAUNCH, Januari 2026,22 Januari 2026,Phoenix Multimedia,Multimedia,Yogyakarta,90.00,A,Sangat Direkomendasikan
,WB HEALTHY FUTURE LAUNCH, Januari 2026,22 Januari 2026,Tekno Event Asia,Intepreter,Jakarta,90.00,A,Sangat Direkomendasikan
,,,,,,,,,
4,RAC ROCHE 2026,Februari 2026,26-29 Januari 2026,Firman,Documentation,Bali,86.00,A,Sangat Direkomendasikan
,RAC ROCHE 2026,Februari 2026,26-29 Januari 2026,Kings Pro,Production,Bali,84.00,B,Direkomendasikan
,RAC ROCHE 2026,Februari 2026,26-29 Januari 2026,O2 Show Management,Show Management,Bali,83.00,B,Direkomendasikan
,RAC ROCHE 2026,Februari 2026,26-29 Januari 2026,Roland Tour & Travel,Travel Agent,Bali,86.00,A,Sangat Direkomendasikan
,RAC ROCHE 2026,Februari 2026,26-29 Januari 2026,Molas Bali,Talent & Decoration,Bali,88.00,A,Sangat Direkomendasikan
,,,,,,,,,
5,UOB START OF THE YEAR 2026,Februari 2026,28-29 Januari 2026,Enigma Intertama,Show Management,Jakarta,73.00,B,Direkomendasikan
,UOB START OF THE YEAR 2026,Februari 2026,28-29 Januari 2026,Januar Pribadi,Show Management,Jakarta,73.00,B,Direkomendasikan
,UOB START OF THE YEAR 2026,Februari 2026,28-29 Januari 2026,Lumicos,Documentation,Yogyakarta,73.00,B,Direkomendasikan
,UOB START OF THE YEAR 2026,Februari 2026,28-29 Januari 2026,Phoenix Multimedia,Multimedia,Yogyakarta,74.00,B,Direkomendasikan
,,,,,,,,,
6,UOB BEVERAGE,Februari 2026,30 Januari 2026,Jakarta Liquor,Beverage,Jakarta,91.00,A,Sangat Direkomendasikan
,UOB BEVERAGE,Februari 2026,30 Januari 2026,Beer IOI,Beverage,Jakarta,69.00,C,Perlu Evaluasi
,,,,,,,,,
7,WB SITE VISIT ,Februari 2026,29 Januari 2026,Enigma Intertama,Logistik,Jakarta,89.00,A,Sangat Direkomendasikan
,WB SITE VISIT ,Februari 2026,29 Januari 2026,Tekno Event Asia,Intepreter,Jakarta,91.00,A,Sangat Direkomendasikan
,,,,,,,,,
8,RMH GROUP GATHERING & KICK OFF BUDGET 2026,Februari 2026,1-5 Februari 2026,Ariandra Production,Production,Yogyakarta,84.00,B,Direkomendasikan
,RMH GROUP GATHERING & KICK OFF BUDGET 2026,Februari 2026,1-5 Februari 2026,Bike Camp Adventure,Activity,Yogyakarta,80.00,B,Direkomendasikan
,RMH GROUP GATHERING & KICK OFF BUDGET 2026,Februari 2026,1-5 Februari 2026,Dexter Band,Talent,Yogyakarta,74.00,B,Direkomendasikan
,RMH GROUP GATHERING & KICK OFF BUDGET 2026,Februari 2026,1-5 Februari 2026,Dion Game Master,Activity,Yogyakarta,74.00,B,Direkomendasikan
,RMH GROUP GATHERING & KICK OFF BUDGET 2026,Februari 2026,1-5 Februari 2026,Extravagongso,Talent,Yogyakarta,74.00,B,Direkomendasikan
,RMH GROUP GATHERING & KICK OFF BUDGET 2026,Februari 2026,1-5 Februari 2026,Klapa Production,Show Management,Yogyakarta,82.00,B,Direkomendasikan
,RMH GROUP GATHERING & KICK OFF BUDGET 2026,Februari 2026,1-5 Februari 2026,Kopi Ponti,Resto,Yogyakarta,73.00,B,Direkomendasikan
,RMH GROUP GATHERING & KICK OFF BUDGET 2026,Februari 2026,1-5 Februari 2026,Lumicos,Documentation,Yogyakarta,81.00,B,Direkomendasikan
,RMH GROUP GATHERING & KICK OFF BUDGET 2026,Februari 2026,1-5 Februari 2026,Manohara Resto,Resto,Magelang,78.00,B,Direkomendasikan
,RMH GROUP GATHERING & KICK OFF BUDGET 2026,Februari 2026,1-5 Februari 2026,Paseban Plaosan,Activity,Yogyakarta,76.00,B,Direkomendasikan
,RMH GROUP GATHERING & KICK OFF BUDGET 2026,Februari 2026,1-5 Februari 2026,Pragina Gong,Talent,Yogyakarta,80.00,B,Direkomendasikan
,RMH GROUP GATHERING & KICK OFF BUDGET 2026,Februari 2026,1-5 Februari 2026,Premiere Transport,Transport,Yogyakarta,82.00,B,Direkomendasikan
,RMH GROUP GATHERING & KICK OFF BUDGET 2026,Februari 2026,1-5 Februari 2026,Riffa Transport,Transport,Yogyakarta,82.00,B,Direkomendasikan
,RMH GROUP GATHERING & KICK OFF BUDGET 2026,Februari 2026,1-5 Februari 2026,Rafing Sungai Elo,Activity,Magelang,71.00,B,Direkomendasikan
,RMH GROUP GATHERING & KICK OFF BUDGET 2026,Februari 2026,1-5 Februari 2026,Srawung Resto,Resto,Yogyakarta,91.00,A,Sangat Direkomendasikan
,RMH GROUP GATHERING & KICK OFF BUDGET 2026,Februari 2026,1-5 Februari 2026,TBA Event Support,Usher,Yogyakarta,74.00,B,Direkomendasikan
,RMH GROUP GATHERING & KICK OFF BUDGET 2026,Februari 2026,1-5 Februari 2026,Venerabella Arin,Talent,Yogyakarta,71.00,B,Direkomendasikan
,,,,,,,,,
9,SEMEN MERAH PUTIH DISTRIBUTOR SUMMIT 2026,Februari 2026,3-6 Februari 2026,Adhikari Creation,Gimmick,Yogyakarta,73.00,B,Direkomendasikan
,SEMEN MERAH PUTIH DISTRIBUTOR SUMMIT 2026,Februari 2026,3-6 Februari 2026,Angklung Carehal,Talent,Yogyakarta,73.00,B,Direkomendasikan
,SEMEN MERAH PUTIH DISTRIBUTOR SUMMIT 2026,Februari 2026,3-6 Februari 2026,Blue Production,Multimedia,Yogyakarta,72.00,B,Direkomendasikan
,SEMEN MERAH PUTIH DISTRIBUTOR SUMMIT 2026,Februari 2026,3-6 Februari 2026,Dexter Band,Talent,Yogyakarta,80.00,B,Direkomendasikan
,SEMEN MERAH PUTIH DISTRIBUTOR SUMMIT 2026,Februari 2026,3-6 Februari 2026,Dion Game Master,Talent,Yogyakarta,73.00,B,Direkomendasikan
,SEMEN MERAH PUTIH DISTRIBUTOR SUMMIT 2026,Februari 2026,3-6 Februari 2026,DJ Mevi Putri,Talent,Yogyakarta,73.00,B,Direkomendasikan
,SEMEN MERAH PUTIH DISTRIBUTOR SUMMIT 2026,Februari 2026,3-6 Februari 2026,Klapa Production,Show Management,Yogyakarta,76.00,B,Direkomendasikan
,SEMEN MERAH PUTIH DISTRIBUTOR SUMMIT 2026,Februari 2026,3-6 Februari 2026,Lumicos,Documentation,Yogyakarta,81.00,B,Direkomendasikan
,SEMEN MERAH PUTIH DISTRIBUTOR SUMMIT 2026,Februari 2026,3-6 Februari 2026,Paksi Band,Talent,Yogyakarta,74.00,B,Direkomendasikan
,SEMEN MERAH PUTIH DISTRIBUTOR SUMMIT 2026,Februari 2026,3-6 Februari 2026,Pragina Gong,Talent,Yogyakarta,73.00,B,Direkomendasikan
,SEMEN MERAH PUTIH DISTRIBUTOR SUMMIT 2026,Februari 2026,3-6 Februari 2026,Riffa Transport,Transport,Yogyakarta,73.00,B,Direkomendasikan
,SEMEN MERAH PUTIH DISTRIBUTOR SUMMIT 2026,Februari 2026,3-6 Februari 2026,Srawung Resto,Resto,Yogyakarta,73.00,B,Direkomendasikan
,SEMEN MERAH PUTIH DISTRIBUTOR SUMMIT 2026,Februari 2026,3-6 Februari 2026,Venerabella Arin,Talent,Yogyakarta,73.00,B,Direkomendasikan
,,,,,,,,,
10,FUNTASTRIP CIRCLE JAYA YOGYAKARTA - PANORAMA,Februari 2026,5-6 Februari 2026,Abhayagiri,Venue,Yogyakarta,90.00,A,Sangat Direkomendasikan
,FUNTASTRIP CIRCLE JAYA YOGYAKARTA - PANORAMA,Februari 2026,5-6 Februari 2026,Dexter Band,Talent,Yogyakarta,91.00,A,Sangat Direkomendasikan
,FUNTASTRIP CIRCLE JAYA YOGYAKARTA - PANORAMA,Februari 2026,5-6 Februari 2026,Dododocs,Documentation,Yogyakarta,90.00,A,Sangat Direkomendasikan
,FUNTASTRIP CIRCLE JAYA YOGYAKARTA - PANORAMA,Februari 2026,5-6 Februari 2026,MGM Jeep,Activity,Yogyakarta,91.00,A,Sangat Direkomendasikan
,FUNTASTRIP CIRCLE JAYA YOGYAKARTA - PANORAMA,Februari 2026,5-6 Februari 2026,Premiere Transport,Transport,Yogyakarta,90.00,A,Sangat Direkomendasikan
,FUNTASTRIP CIRCLE JAYA YOGYAKARTA - PANORAMA,Februari 2026,5-6 Februari 2026,TBA Event Support,Show Management,Yogyakarta,86.00,A,Sangat Direkomendasikan
,FUNTASTRIP CIRCLE JAYA YOGYAKARTA - PANORAMA,Februari 2026,5-6 Februari 2026,Dion Game Master,Game Master,Yogyakarta,91.00,A,Sangat Direkomendasikan
,FUNTASTRIP CIRCLE JAYA YOGYAKARTA - PANORAMA,Februari 2026,5-6 Februari 2026,Prime Star,Production,Yogyakarta,90.00,A,Sangat Direkomendasikan
,,,,,,,,,
11,EAST ASIA EDUCATION WEEK 2026 BRITISH COUNCIL,Februari 2026,5 Februari 2026,Arke Scents,Pengharum Ruangan,Jakarta,66.00,C,Perlu Evaluasi
,EAST ASIA EDUCATION WEEK 2026 BRITISH COUNCIL,Februari 2026,5 Februari 2026,Bigbird,Transport,Jakarta,62.00,C,Perlu Evaluasi
,EAST ASIA EDUCATION WEEK 2026 BRITISH COUNCIL,Februari 2026,5 Februari 2026,Blue Production,Multimedia,Yogyakarta,59.00,C,Perlu Evaluasi
,EAST ASIA EDUCATION WEEK 2026 BRITISH COUNCIL,Februari 2026,5 Februari 2026,Enigma Intertama,Multimedia,Jakarta,73.00,B,Direkomendasikan
,EAST ASIA EDUCATION WEEK 2026 BRITISH COUNCIL,Februari 2026,5 Februari 2026,Januar Pribadi,Show Management,Jakarta,71.00,B,Direkomendasikan
,EAST ASIA EDUCATION WEEK 2026 BRITISH COUNCIL,Februari 2026,5 Februari 2026,Migunesia,Registration,Jakarta,73.00,B,Direkomendasikan
,EAST ASIA EDUCATION WEEK 2026 BRITISH COUNCIL,Februari 2026,5 Februari 2026,Tomodachi,F&B,Jakarta,65.00,C,Perlu Evaluasi
,EAST ASIA EDUCATION WEEK 2026 BRITISH COUNCIL,Februari 2026,5 Februari 2026,Phoenix Multimedia,Production,Yogyakarta,67.00,C,Perlu Evaluasi
,EAST ASIA EDUCATION WEEK 2026 BRITISH COUNCIL,Februari 2026,5 Februari 2026,TBA Event Support,Show Management,Yogyakarta,73.00,B,Direkomendasikan
,,,,,,,,,
12,WORLD BANK WORKSHOP PERSIAPAN PENYUSUNAN PROGRAM SQTDP DAN GREEN BOOK,Februari 2026,10-13 Februari 2026,Enigma Intertama,Multimedia,Bandung,69.00,C,Perlu Evaluasi
,WORLD BANK WORKSHOP PERSIAPAN PENYUSUNAN PROGRAM SQTDP DAN GREEN BOOK,Februari 2026,10-13 Februari 2026,TBA Event Support,Manpower,Bandung,74.00,B,Direkomendasikan
,,,,,,,,,
13,RETAIL TRANSPORT BU EVI,Maret 2026,28 Feb - 1 Mar 2026,Hakafa Transport,Transport,Jakarta,67.00,C,Perlu Evaluasi
,,,,,,,,,
14,WORLD BANK RAPAT KOORDINASI LANJUTAN PERSIAPAN PENYUSUNAN PROGRAM SQTDP DAN GREEN BOOK,Maret 2026,3-5 Maret 2026,Phoenix Multimedia,Multimedia,Yogyakarta,74.00,B,Direkomendasikan
,WORLD BANK RAPAT KOORDINASI LANJUTAN PERSIAPAN PENYUSUNAN PROGRAM SQTDP DAN GREEN BOOK,Maret 2026,3-5 Maret 2026,Tekno Event Asia,Equipment,Jakarta,73.00,B,Direkomendasikan
,WORLD BANK RAPAT KOORDINASI LANJUTAN PERSIAPAN PENYUSUNAN PROGRAM SQTDP DAN GREEN BOOK,Maret 2026,3-5 Maret 2026,Miki Salman,Intepreter,Bali,60.00,C,Perlu Evaluasi
,WORLD BANK RAPAT KOORDINASI LANJUTAN PERSIAPAN PENYUSUNAN PROGRAM SQTDP DAN GREEN BOOK,Maret 2026,3-5 Maret 2026,TBA Event Support,Manpower,Yogyakarta,86.00,A,Sangat Direkomendasikan
,,,,,,,,,
15,PETRONAS BUKA BERSAMA STAKEHOLDER,Maret 2026,13 Maret 2026,86 Production,Production,Surabaya,84.00,B,Direkomendasikan
,PETRONAS BUKA BERSAMA STAKEHOLDER,Maret 2026,13 Maret 2026,MC Arin,MC,Yogyakarta,82.00,B,Direkomendasikan
,PETRONAS BUKA BERSAMA STAKEHOLDER,Maret 2026,13 Maret 2026,Cha Bakery,F&B,Surabaya,86.00,A,Sangat Direkomendasikan
,PETRONAS BUKA BERSAMA STAKEHOLDER,Maret 2026,13 Maret 2026,Westin Hotel,Venue,Surabaya,89.00,A,Sangat Direkomendasikan
,PETRONAS BUKA BERSAMA STAKEHOLDER,Maret 2026,13 Maret 2026,Vaclav,Documentation,Surabaya,61.00,C,Perlu Evaluasi
,,,,,,,,,
16,LPS - BUKBER & SILATURAHMI PEGAWAI,Maret 2026,13 Maret 2026,Phoenix Multimedia,Equipment & Production,Yogyakarta,74.00,B,Direkomendasikan
,LPS - BUKBER & SILATURAHMI PEGAWAI,Maret 2026,13 Maret 2026,Januar Pribadi,Show Management,Jakarta,81.00,B,Direkomendasikan
,LPS - BUKBER & SILATURAHMI PEGAWAI,Maret 2026,13 Maret 2026,Enigma Intertama,Equipment,Jakarta,89.00,A,Sangat Direkomendasikan
,LPS - BUKBER & SILATURAHMI PEGAWAI,Maret 2026,13 Maret 2026,Dododocs,Documentation,Yogyakarta,81.00,B,Direkomendasikan
,,,,,,,,,
17,TOWNHALL & KICK-OFF MANAGEMENT MEETING PROTELINDO GROUP 2026,Apr-26,7-Apr-26,Phoenix Multimedia,Equipment & Production,Yogyakarta,80.00,B,Direkomendasikan
,TOWNHALL & KICK-OFF MANAGEMENT MEETING PROTELINDO GROUP 2026,Apr-26,7-Apr-26,TBA Event Support,Manpower,Yogyakarta,81.00,B,Direkomendasikan
,TOWNHALL & KICK-OFF MANAGEMENT MEETING PROTELINDO GROUP 2026,Apr-26,7-Apr-26,Asamulti Productions,Equipment,Jakarta,74.00,B,Direkomendasikan
,,,,,,,,,
18,BKMS OUTING 2026,Apr-26,16-19 April 2026,Adi Maman/Taichi,Talent,Yogyakarta,73.00,B,Direkomendasikan
,BKMS OUTING 2026,Apr-26,16-19 April 2026,Arya Catering,F&B,Yogyakarta,85.00,A,Sangat Direkomendasikan
,BKMS OUTING 2026,Apr-26,16-19 April 2026,Balkondes Karanganyar,Venue,Magelang,70.00,B,Direkomendasikan
,BKMS OUTING 2026,Apr-26,16-19 April 2026,Balkondes Ngadiharjo,Venue,Magelang,59.00,C,Perlu Evaluasi
,BKMS OUTING 2026,Apr-26,16-19 April 2026,Balkondes Tuksongo,Venue,Magelang,58.00,C,Perlu Evaluasi
,BKMS OUTING 2026,Apr-26,16-19 April 2026,Balkondes Wanurejo,Venue,Magelang,58.00,C,Perlu Evaluasi
,BKMS OUTING 2026,Apr-26,16-19 April 2026,Dexter Band,Talent,Yogyakarta,91.00,A,Sangat Direkomendasikan
,BKMS OUTING 2026,Apr-26,16-19 April 2026,Dion Game Master,Activity,Yogyakarta,76.00,B,Direkomendasikan
,BKMS OUTING 2026,Apr-26,16-19 April 2026,Gerbera Photobooth,Photobooth,Yogyakarta,91.00,A,Sangat Direkomendasikan
,BKMS OUTING 2026,Apr-26,16-19 April 2026,Gusti Jog Galerry,Activity,Yogyakarta,86.00,A,Sangat Direkomendasikan
,BKMS OUTING 2026,Apr-26,16-19 April 2026,Jogja Dekoration,Decoration,Yogyakarta,47.00,D,Pertimbangkan Alternatif
,BKMS OUTING 2026,Apr-26,16-19 April 2026,Klapa Production,Show Management,Yogyakarta,84.00,B,Direkomendasikan
,BKMS OUTING 2026,Apr-26,16-19 April 2026,Lumicos,Documentation,Yogyakarta,91.00,A,Sangat Direkomendasikan
,BKMS OUTING 2026,Apr-26,16-19 April 2026,Manohara Resto,Resto,Magelang,58.00,C,Perlu Evaluasi
,BKMS OUTING 2026,Apr-26,16-19 April 2026,Mozza Production,Multimedia,Yogyakarta,84.00,B,Direkomendasikan
,BKMS OUTING 2026,Apr-26,16-19 April 2026,Phoenix Multimedia,Multimedia,Yogyakarta,85.00,A,Sangat Direkomendasikan
,BKMS OUTING 2026,Apr-26,16-19 April 2026,Pragina Gong,Talent,Yogyakarta,91.00,A,Sangat Direkomendasikan
,BKMS OUTING 2026,Apr-26,16-19 April 2026,Rama Shinta Resto,Resto,Yogyakarta,68.00,C,Perlu Evaluasi
,BKMS OUTING 2026,Apr-26,16-19 April 2026,Srawung Resto,Resto,Yogyakarta,89.00,A,Sangat Direkomendasikan
,BKMS OUTING 2026,Apr-26,16-19 April 2026,TBA Event Support,Event Support,Yogyakarta,91.00,A,Sangat Direkomendasikan
,BKMS OUTING 2026,Apr-26,16-19 April 2026,VW Borobudur,Activity,Magelang,68.00,C,Perlu Evaluasi
,BKMS OUTING 2026,Apr-26,16-19 April 2026,Weekend Worker,Activity,Salatiga,78.00,B,Direkomendasikan
,BKMS OUTING 2026,Apr-26,16-19 April 2026,Wijil Rachmadhani,Talent,Yogyakarta,86.00,A,Sangat Direkomendasikan
,,,,,,,,,
19,"ASSERTIVE COMMUNICATION TRAINING FORBKMS OUTING 2026",Apr-26,16-19 April 2026,Biro Psikologi Bangun Jiwa,Talent,Yogyakarta,86.00,A,Sangat Direkomendasikan
,,,,,,,,,
20,WB - WORKSHOP ON BUSINESS LICENSING AND INSPECTIONS MATURITY ASSESSMENT (BLIMS) TECHNICAL MISSION FOR FINAL REPORT PREPARATION,Mei 2026,5-6 Mei 2026,Phoenix Multimedia,Multimedia,Yogyakarta,91.00,A,Sangat Direkomendasikan
,WB - WORKSHOP ON BUSINESS LICENSING AND INSPECTIONS MATURITY ASSESSMENT (BLIMS) TECHNICAL MISSION FOR FINAL REPORT PREPARATION,Mei 2026,5-6 Mei 2026,TBA Event Support,Manpower,Yogyakarta,90.00,A,Sangat Direkomendasikan
,WB - WORKSHOP ON BUSINESS LICENSING AND INSPECTIONS MATURITY ASSESSMENT (BLIMS) TECHNICAL MISSION FOR FINAL REPORT PREPARATION,Mei 2026,5-6 Mei 2026,Tekno Event Asia,Equipment,Jakarta,85.00,A,Sangat Direkomendasikan
,,,,,,,,,
21,UOB INDONESIA - BOC MEETING,Mei 2026,11-13 Mei 2026,Kreasi Muda Indonesia,Production,Medan,76.00,B,Direkomendasikan
,UOB INDONESIA - BOC MEETING,Mei 2026,11-13 Mei 2026,Om Bob,Transfer Handling,Medan,76.00,B,Direkomendasikan
,UOB INDONESIA - BOC MEETING,Mei 2026,11-13 Mei 2026,PT. Seribu Nusantara Rental,Transport,Medan,81.00,B,Direkomendasikan
,,,,,,,,,
22,WORLD BANK WORKSHOP SENTUL ,Juni 2026,4-5 Juni 2026,Enigma Intertama,Production,Jakarta,86.00,A,Sangat Direkomendasikan
,WORLD BANK WORKSHOP SENTUL ,Juni 2026,4-5 Juni 2026,Tekno Event Asia,Intepreter,Jakarta,80.00,B,Direkomendasikan
,WORLD BANK WORKSHOP SENTUL ,Juni 2026,4-5 Juni 2026,TBA Event Support,Manpower,Yogyakarta,80.00,B,Direkomendasikan
,,,,,,,,,
23,ILO SITE VISIT & ERP LAUNCHING 2026,Juni 2026,10-11 Juni 2026,86 Production,Production,Surabaya,90.00,A,Sangat Direkomendasikan
,ILO SITE VISIT & ERP LAUNCHING 2026,Juni 2026,10-11 Juni 2026,Sonokembang Catering,Catering,Yogyakarta,80.00,B,Direkomendasikan
,ILO SITE VISIT & ERP LAUNCHING 2026,Juni 2026,10-11 Juni 2026,Wenny Mustikasari,Talent,Surabaya,77.00,B,Direkomendasikan
,,,,,,,,,
24,ISA - WORLD BANK SIDSFORUM,Juni 2026,2 Juni 2026,Lumicos,Documentation,Yogyakarta,91.00,A,Sangat Direkomendasikan
,ISA - WORLD BANK SIDSFORUM,Juni 2026,2 Juni 2026,Lysit Tech,Manpower,Bali,90.00,A,Sangat Direkomendasikan
,ISA - WORLD BANK SIDSFORUM,Juni 2026,2 Juni 2026,Phenom Event,Production,Bali,80.00,B,Direkomendasikan
,ISA - WORLD BANK SIDSFORUM,Juni 2026,2 Juni 2026,Show D Guntur,Talent,Bali,93.00,A,Sangat Direkomendasikan
,,,,,,,,,
25,RAPAT BERKALA KEHUMASAN SKK MIGAS & KKKS JABANUSAKANGEAN ENERGY INDONESIA  -,Juni 2026,17-18 Juni 2026,86 Production,Production,Surabaya,91.00,A,Sangat Direkomendasikan
,RAPAT BERKALA KEHUMASAN SKK MIGAS & KKKS JABANUSAKANGEAN ENERGY INDONESIA  -,Juni 2026,17-18 Juni 2026,Arlinta Transport,Transport,Surabaya,84.00,B,Direkomendasikan
,RAPAT BERKALA KEHUMASAN SKK MIGAS & KKKS JABANUSAKANGEAN ENERGY INDONESIA  -,Juni 2026,17-18 Juni 2026,Bellinda Amanda,Talent,Surabaya,67.00,C,Perlu Evaluasi
,RAPAT BERKALA KEHUMASAN SKK MIGAS & KKKS JABANUSAKANGEAN ENERGY INDONESIA  -,Juni 2026,17-18 Juni 2026,Golden Tulip,Akomodasi,Jawa Timur,69.00,C,Perlu Evaluasi
,RAPAT BERKALA KEHUMASAN SKK MIGAS & KKKS JABANUSAKANGEAN ENERGY INDONESIA  -,Juni 2026,17-18 Juni 2026,Lumicos,Documentation,Yogyakarta,91.00,A,Sangat Direkomendasikan
,,,,,,,,,
26,WB EAP BALI,Juni 2026,3-5 Juni 2026,Bli Gede,Bali Dance,Bali,80.00,B,Direkomendasikan
,WB EAP BALI,Juni 2026,3-5 Juni 2026,Gong Bali,Manpower,Bali,78.00,B,Direkomendasikan
,WB EAP BALI,Juni 2026,3-5 Juni 2026,Wira Transport,Transport,Yogyakarta,84.00,B,Direkomendasikan
,WB EAP BALI,Juni 2026,3-5 Juni 2026,Klapa Production,Production,Yogyakarta,84.00,B,Direkomendasikan
,WB EAP BALI,Juni 2026,3-5 Juni 2026,Lumicos,Documentation,Yogyakarta,90.00,A,Sangat Direkomendasikan
,WB EAP BALI,Juni 2026,3-5 Juni 2026,Migunesia,Registration,Jakarta,70.00,B,Direkomendasikan
,WB EAP BALI,Juni 2026,3-5 Juni 2026,Phenom Event,Production,Bali,87.00,A,Sangat Direkomendasikan
,WB EAP BALI,Juni 2026,3-5 Juni 2026,Tekno Event Asia,Intepreter,Jakarta,87.00,A,Sangat Direkomendasikan
,WB EAP BALI,Juni 2026,3-5 Juni 2026,CMM,Intepreter,Bali,89.00,A,Sangat Direkomendasikan
,WB EAP BALI,Juni 2026,3-5 Juni 2026,Tizma Niar,Talent,Bali,86.00,A,Sangat Direkomendasikan
,,,,,,,,,
,,,,,,,,,
,,,,,,,,,
,,,,,,,,,
,,,,,,,,,
,,,,,,,,,
,,,,,,,,,
,,,,,,,,,
,,,,,,,,,
,,,,,,,,,
,,,,,,,,,
,,,,,,,,,
,,,,,,,,,
,,,,,,,,,
,,,,,,,,,
,,,,,,,,,
,,,,,,,,,
,,,,,,,,,
,,,,,,,,,
,,,,,,,,,
,,,,,,,,,
,,,,,,,,,
,,,,,,,,,
,,,,,,,,,
,,,,,,,,,
,,,,,,,,,
,,,,,,,,,
,,,,,,,,,
,,,,,,,,,
,,,,,,,,,
,,,,,,,,,
,,,,,,,,,
,,,,,,,,,
,,,,,,,,,
,,,,,,,,,
,,,,,,,,,
,,,,,,,,,
,,,,,,,,,
,,,,,,,,,
,,,,,,,,,
,,,,,,,,,
,,,,,,,,,
,,,,,,,,,
,,,,,,,,,
,,,,,,,,,
,,,,,,,,,
,,,,,,,,,
,,,,,,,,,
,,,,,,,,,
,,,,,,,,,
,,,,,,,,,
,,,,,,,,,
,,,,,,,,,
,,,,,,,,,
,,,,,,,,,
,,,,,,,,,
,,,,,,,,,
,,,,,,,,,
,,,,,,,,,
,,,,,,,,,
,,,,,,,,,
,,,,,,,,,
,,,,,,,,,
,,,,,,,,,
,,,,,,,,,
,,,,,,,,,
,,,,,,,,,
,,,,,,,,,
,,,,,,,,,
,,,,,,,,,
,,,,,,,,,
,,,,,,,,,
,,,,,,,,,
,,,,,,,,,
,,,,,,,,,
,,,,,,,,,
,,,,,,,,,
,,,,,,,,,
,,,,,,,,,
,,,,,,,,,
,,,,,,,,,
,,,,,,,,,
,,,,,,,,,
,,,,,,,,,
,,,,,,,,,
,,,,,,,,,
,,,,,,,,,
,,,,,,,,,
,,,,,,,,,
,,,,,,,,,
,,,,,,,,,
,,,,,,,,,
,,,,,,,,,
,,,,,,,,,
,,,,,,,,,
,,,,,,,,,
,,,,,,,,,
,,,,,,,,,
,,,,,,,,,
,,,,,,,,,
,,,,,,,,,
,,,,,,,,,
,,,,,,,,,
,,,,,,,,,
,,,,,,,,,
,,,,,,,,,
,,,,,,,,,
,,,,,,,,,
,,,,,,,,,
,,,,,,,,,
,,,,,,,,,
,,,,,,,,,
,,,,,,,,,
,,,,,,,,,
,,,,,,,,,
,,,,,,,,,
,,,,,,,,,
,,,,,,,,,
,,,,,,,,,
,,,,,,,,,
,,,,,,,,,
,,,,,,,,,
,,,,,,,,,
,,,,,,,,,
,,,,,,,,,
,,,,,,,,,
,,,,,,,,,
,,,,,,,,,
,,,,,,,,,
,,,,,,,,,
,,,,,,,,,
,,,,,,,,,
,,,,,,,,,
,,,,,,,,,
,,,,,,,,,
,,,,,,,,,
,,,,,,,,,
,,,,,,,,,
,,,,,,,,,
,,,,,,,,,
,,,,,,,,,
,,,,,,,,,
,,,,,,,,,
,,,,,,,,,
,,,,,,,,,
,,,,,,,,,
,,,,,,,,,
,,,,,,,,,
,,,,,,,,,
,,,,,,,,,
,,,,,,,,,
,,,,,,,,,
,,,,,,,,,
,,,,,,,,,
,,,,,,,,,
,,,,,,,,,
,,,,,,,,,
,,,,,,,,,
,,,,,,,,,
,,,,,,,,,
,,,,,,,,,
,,,,,,,,,
,,,,,,,,,
,,,,,,,,,
,,,,,,,,,
,,,,,,,,,
,,,,,,,,,
,,,,,,,,,
,,,,,,,,,
,,,,,,,,,
,,,,,,,,,
,,,,,,,,,
,,,,,,,,,
,,,,,,,,,
,,,,,,,,,
,,,,,,,,,
,,,,,,,,,
,,,,,,,,,
,,,,,,,,,
,,,,,,,,,
,,,,,,,,,
,,,,,,,,,
,,,,,,,,,
,,,,,,,,,
,,,,,,,,,
,,,,,,,,,
,,,,,,,,,
,,,,,,,,,
,,,,,,,,,
,,,,,,,,,
,,,,,,,,,
,,,,,,,,,
,,,,,,,,,
,,,,,,,,,
,,,,,,,,,
,,,,,,,,,
,,,,,,,,,
,,,,,,,,,
,,,,,,,,,
,,,,,,,,,
,,,,,,,,,
,,,,,,,,,
,,,,,,,,,
,,,,,,,,,
,,,,,,,,,
,,,,,,,,,
,,,,,,,,,
,,,,,,,,,
,,,,,,,,,
,,,,,,,,,
,,,,,,,,,
,,,,,,,,,
,,,,,,,,,
,,,,,,,,,
,,,,,,,,,
,,,,,,,,,
,,,,,,,,,
,,,,,,,,,
,,,,,,,,,
,,,,,,,,,
,,,,,,,,,
,,,,,,,,,
,,,,,,,,,
,,,,,,,,,
,,,,,,,,,
,,,,,,,,,
,,,,,,,,,
,,,,,,,,,
,,,,,,,,,
,,,,,,,,,
,,,,,,,,,
,,,,,,,,,
,,,,,,,,,
,,,,,,,,,
,,,,,,,,,
,,,,,,,,,
,,,,,,,,,
,,,,,,,,,
,,,,,,,,,
,,,,,,,,,
,,,,,,,,,
,,,,,,,,,
,,,,,,,,,
,,,,,,,,,
,,,,,,,,,
,,,,,,,,,
,,,,,,,,,
,,,,,,,,,
,,,,,,,,,
,,,,,,,,,
,,,,,,,,,
,,,,,,,,,
,,,,,,,,,
,,,,,,,,,
,,,,,,,,,
,,,,,,,,,
,,,,,,,,,
,,,,,,,,,
,,,,,,,,,
,,,,,,,,,
,,,,,,,,,
,,,,,,,,,
,,,,,,,,,
,,,,,,,,,
,,,,,,,,,
,,,,,,,,,
,,,,,,,,,
,,,,,,,,,
,,,,,,,,,
,,,,,,,,,
,,,,,,,,,
,,,,,,,,,
,,,,,,,,,
,,,,,,,,,
,,,,,,,,,
,,,,,,,,,
,,,,,,,,,
,,,,,,,,,
,,,,,,,,,
,,,,,,,,,
,,,,,,,,,
,,,,,,,,,
,,,,,,,,,
,,,,,,,,,
,,,,,,,,,
,,,,,,,,,
,,,,,,,,,
,,,,,,,,,
,,,,,,,,,
,,,,,,,,,
,,,,,,,,,
,,,,,,,,,
,,,,,,,,,
,,,,,,,,,
,,,,,,,,,
,,,,,,,,,
,,,,,,,,,
,,,,,,,,,
,,,,,,,,,
,,,,,,,,,
,,,,,,,,,
,,,,,,,,,
,,,,,,,,,
,,,,,,,,,
,,,,,,,,,
,,,,,,,,,
,,,,,,,,,
,,,,,,,,,
,,,,,,,,,
,,,,,,,,,
,,,,,,,,,
,,,,,,,,,
,,,,,,,,,
,,,,,,,,,
,,,,,,,,,
,,,,,,,,,
,,,,,,,,,
,,,,,,,,,
,,,,,,,,,
,,,,,,,,,
,,,,,,,,,
,,,,,,,,,
,,,,,,,,,
,,,,,,,,,
,,,,,,,,,
,,,,,,,,,
,,,,,,,,,
,,,,,,,,,
,,,,,,,,,
,,,,,,,,,
,,,,,,,,,
,,,,,,,,,
,,,,,,,,,
,,,,,,,,,
,,,,,,,,,
,,,,,,,,,
,,,,,,,,,
,,,,,,,,,
,,,,,,,,,
,,,,,,,,,
,,,,,,,,,
,,,,,,,,,
,,,,,,,,,
,,,,,,,,,
,,,,,,,,,
,,,,,,,,,
,,,,,,,,,
,,,,,,,,,
,,,,,,,,,
,,,,,,,,,
,,,,,,,,,
,,,,,,,,,
,,,,,,,,,
,,,,,,,,,
,,,,,,,,,
,,,,,,,,,
,,,,,,,,,
,,,,,,,,,
,,,,,,,,,
,,,,,,,,,
,,,,,,,,,
,,,,,,,,,
,,,,,,,,,
,,,,,,,,,
,,,,,,,,,
,,,,,,,,,
,,,,,,,,,
,,,,,,,,,
,,,,,,,,,
,,,,,,,,,
,,,,,,,,,
,,,,,,,,,
,,,,,,,,,
,,,,,,,,,
,,,,,,,,,
,,,,,,,,,
,,,,,,,,,
,,,,,,,,,
,,,,,,,,,
,,,,,,,,,
,,,,,,,,,
,,,,,,,,,
,,,,,,,,,
,,,,,,,,,
,,,,,,,,,
,,,,,,,,,
,,,,,,,,,
,,,,,,,,,
,,,,,,,,,
,,,,,,,,,
,,,,,,,,,
,,,,,,,,,
,,,,,,,,,
,,,,,,,,,
,,,,,,,,,
,,,,,,,,,
,,,,,,,,,
,,,,,,,,,
,,,,,,,,,
,,,,,,,,,
,,,,,,,,,
,,,,,,,,,
,,,,,,,,,
,,,,,,,,,
,,,,,,,,,
,,,,,,,,,
,,,,,,,,,
,,,,,,,,,
